{
  "cv_isolation_forest": {
    "n_folds_used": 24,
    "mean": {
      "precision": 0.2676456358387542,
      "recall": 0.27876812440078497,
      "f1": 0.23432042348917856,
      "roc_auc": 0.8385222712957724
    },
    "std": {
      "precision": 0.16662600748863468,
      "recall": 0.12660067388580368,
      "f1": 0.10973771661962735,
      "roc_auc": 0.10604483980380743
    }
  },
  "holdout_test": {
    "isolation_forest": {
      "roc_auc": 0.8867210158624412,
      "f1_optimal": {
        "threshold": 0.34114683240832205,
        "precision": 0.28635346756152125,
        "recall": 0.270042194092827,
        "f1": 0.2779587404994571
      },
      "precision_90_floor": {
        "threshold": 0.9581757901973893,
        "precision": 1.0,
        "recall": 0.004219409282700422,
        "f1": 0.008403361344537815
      }
    },
    "lstm_autoencoder": {
      "roc_auc": 0.6871034255485311,
      "f1_optimal": {
        "threshold": 0.30088348764788014,
        "precision": 0.5010893246187363,
        "recall": 0.24261603375527427,
        "f1": 0.3269367448471926
      },
      "precision_90_floor": {
        "threshold": 0.6527725434552322,
        "precision": 0.9022556390977443,
        "recall": 0.12658227848101267,
        "f1": 0.22201665124884365
      }
    },
    "hybrid": {
      "roc_auc": 0.874078386062019,
      "f1_optimal": {
        "threshold": 0.26837436430989253,
        "precision": 0.3840782122905028,
        "recall": 0.290084388185654,
        "f1": 0.33052884615384615
      },
      "precision_90_floor": {
        "threshold": 0.5734707177487577,
        "precision": 0.9,
        "recall": 0.13291139240506328,
        "f1": 0.23161764705882354
      }
    }
  },
  "test_set_size": 166026,
  "test_set_anomaly_rate": 0.005709949044125619
}